MCGS_Time,oxygen concentration: % vol
2020/8/24 0:04,20.6351
2020/8/24 0:09,20.6535
2020/8/24 0:14,20.6443
2020/8/24 0:19,20.6535
2020/8/24 0:24,20.6351
2020/8/24 0:29,20.6351
2020/8/24 0:34,20.6535
2020/8/24 0:39,20.6443
2020/8/24 0:44,20.6535
2020/8/24 0:49,20.6351
2020/8/24 0:54,20.6535
2020/8/24 0:59,20.6535
2020/8/24 1:04,20.6443
2020/8/24 1:09,20.6443
2020/8/24 1:14,20.6535
2020/8/24 1:19,20.6535
2020/8/24 1:24,20.6443
2020/8/24 1:29,20.6351
2020/8/24 1:34,20.6351
2020/8/24 1:39,20.6535
2020/8/24 1:44,20.6351
2020/8/24 1:49,20.6351
2020/8/24 1:54,20.6351
2020/8/24 1:59,20.6627
2020/8/24 2:04,20.6535
2020/8/24 2:09,20.6351
2020/8/24 2:14,20.6443
2020/8/24 2:19,20.6351
2020/8/24 2:24,20.6535
2020/8/24 2:29,20.6535
2020/8/24 2:34,20.6535
2020/8/24 2:39,20.6627
2020/8/24 2:44,20.6535
2020/8/24 2:49,20.6535
2020/8/24 2:54,20.6627
2020/8/24 2:59,20.6627
2020/8/24 3:04,20.6443
2020/8/24 3:09,20.6627
2020/8/24 3:14,20.6627
2020/8/24 3:19,20.6719
2020/8/24 3:24,20.6535
2020/8/24 3:29,20.6443
2020/8/24 3:34,20.5522
2020/8/24 3:39,20.543
2020/8/24 3:44,20.5522
2020/8/24 3:49,20.6627
2020/8/24 3:54,20.6627
2020/8/24 3:59,20.6627
2020/8/24 4:04,20.6627
2020/8/24 4:09,20.6443
2020/8/24 4:14,20.5614
2020/8/24 4:19,20.543
2020/8/24 4:24,20.5614
2020/8/24 4:29,20.543
2020/8/24 4:34,20.5522
2020/8/24 4:39,20.5614
2020/8/24 4:44,20.5706
2020/8/24 4:49,20.5614
2020/8/24 4:54,20.5614
2020/8/24 4:59,20.543
2020/8/24 5:04,20.5614
2020/8/24 5:09,20.5522
2020/8/24 5:14,20.5614
2020/8/24 5:19,20.5522
2020/8/24 5:24,20.5522
2020/8/24 5:29,20.5522
2020/8/24 5:34,20.5706
2020/8/24 5:39,20.543
2020/8/24 5:44,20.543
2020/8/24 5:49,20.5614
2020/8/24 5:54,20.543
2020/8/24 5:59,20.5614
2020/8/24 6:04,20.5706
2020/8/24 6:09,20.543
2020/8/24 6:14,20.543
2020/8/24 6:19,20.5614
2020/8/24 6:24,20.5706
2020/8/24 6:29,20.5614
2020/8/24 6:34,20.5522
2020/8/24 6:39,20.5522
2020/8/24 6:44,20.543
2020/8/24 6:49,20.5706
2020/8/24 6:54,20.5614
2020/8/24 6:59,20.5706
2020/8/24 7:04,20.543
2020/8/24 7:09,20.5614
2020/8/24 7:14,20.5614
2020/8/24 7:19,20.5614
2020/8/24 7:24,20.5522
2020/8/24 7:29,20.5522
2020/8/24 7:34,20.5614
2020/8/24 7:39,20.543
2020/8/24 7:44,20.5614
2020/8/24 7:49,20.5522
2020/8/24 7:54,20.543
2020/8/24 7:59,20.543
2020/8/24 8:04,20.5522
2020/8/24 8:09,20.5522
2020/8/24 8:14,20.5522
2020/8/24 8:19,20.6535
2020/8/24 8:24,20.6351
2020/8/24 8:29,20.5522
2020/8/24 8:34,20.5522
2020/8/24 8:39,20.6443
2020/8/24 8:44,20.6627
2020/8/24 8:49,20.6627
2020/8/24 8:54,20.6443
2020/8/24 8:59,20.6443
2020/8/24 9:04,20.6535
2020/8/24 9:09,20.6443
2020/8/24 9:14,20.6443
2020/8/24 9:19,20.6535
2020/8/24 9:24,20.6535
2020/8/24 9:29,20.6443
2020/8/24 9:34,20.6443
2020/8/24 9:39,20.6443
2020/8/24 9:44,20.6443
2020/8/24 9:49,20.6443
2020/8/24 11:29,20.847
2020/8/24 11:34,20.847
2020/8/24 11:39,20.847
2020/8/24 11:44,20.8377
2020/8/24 11:49,20.8377
2020/8/24 11:54,20.8377
2020/8/24 11:59,20.8377
2020/8/24 12:04,20.8377
2020/8/24 12:09,20.9299
2020/8/24 12:14,20.9299
2020/8/24 12:19,20.9299
2020/8/24 12:24,20.9299
2020/8/24 12:29,20.9299
2020/8/24 12:34,20.9299
2020/8/24 12:39,21.0404
2020/8/24 12:44,20.9206
2020/8/24 12:49,20.9206
2020/8/24 12:54,21.022
2020/8/24 12:59,21.0312
2020/8/24 13:04,21.022
2020/8/24 13:09,21.022
2020/8/24 13:14,21.0312
2020/8/24 13:19,21.0312
2020/8/24 13:24,21.022
2020/8/24 13:29,21.0312
2020/8/24 13:34,21.022
2020/8/24 13:39,21.022
2020/8/24 13:44,21.022
2020/8/24 13:49,21.022
2020/8/24 13:54,21.022
2020/8/24 13:59,21.022
2020/8/24 14:04,21.0312
2020/8/24 14:09,21.1325
2020/8/24 14:14,21.1325
2020/8/24 14:19,21.1325
2020/8/24 14:24,21.1325
2020/8/24 14:29,21.1417
2020/8/24 14:34,21.1325
2020/8/24 14:39,21.1417
2020/8/24 14:44,21.1325
2020/8/24 14:49,21.1325
2020/8/24 14:54,21.1417
2020/8/24 14:59,21.1325
2020/8/24 15:04,21.1417
2020/8/24 15:09,21.1325
2020/8/24 15:14,21.2246
2020/8/24 15:19,21.2154
2020/8/24 15:24,21.2154
2020/8/24 15:29,21.2246
2020/8/24 15:34,21.2246
2020/8/24 15:39,21.1233
2020/8/24 15:44,21.1325
2020/8/24 15:49,21.1325
2020/8/24 15:54,21.1325
2020/8/24 15:59,21.1325
2020/8/24 16:04,21.1325
2020/8/24 16:09,21.1325
2020/8/24 16:14,21.1325
2020/8/24 16:19,21.1417
2020/8/24 16:24,21.1325
2020/8/24 16:29,21.1325
2020/8/24 16:34,21.1325
2020/8/24 16:39,21.022
2020/8/24 16:44,21.022
2020/8/24 16:49,21.022
2020/8/24 16:54,21.0312
2020/8/24 16:59,21.022
2020/8/24 17:04,21.022
2020/8/24 17:09,21.0312
2020/8/24 17:14,21.022
2020/8/24 17:19,21.022
2020/8/24 17:24,21.022
2020/8/24 17:29,21.022
2020/8/24 17:34,21.022
2020/8/24 17:39,21.0312
2020/8/24 17:44,20.9114
2020/8/24 17:49,20.9114
2020/8/24 17:54,20.9206
2020/8/24 17:59,20.9206
2020/8/24 18:04,20.9206
2020/8/24 18:09,20.9206
2020/8/24 18:14,20.9206
2020/8/24 18:19,20.9206
2020/8/24 18:24,20.9114
2020/8/24 18:29,20.9206
2020/8/24 18:34,20.9299
2020/8/24 18:39,20.9206
2020/8/24 18:44,20.9206
2020/8/24 18:49,20.9206
2020/8/24 18:54,20.9206
2020/8/24 18:59,20.9206
2020/8/24 19:04,20.9299
2020/8/24 19:09,20.9206
2020/8/24 19:14,20.9206
2020/8/24 19:19,20.9206
2020/8/24 19:24,20.8285
2020/8/24 19:29,20.8285
2020/8/24 19:34,20.8193
2020/8/24 19:39,20.8285
2020/8/24 19:44,20.8285
2020/8/24 19:49,20.8285
2020/8/24 19:54,20.8285
2020/8/24 19:59,20.8285
2020/8/24 20:04,20.8377
2020/8/24 20:09,20.8377
2020/8/24 20:14,20.8285
2020/8/24 20:19,20.8285
2020/8/24 20:24,20.8285
2020/8/24 20:29,20.8377
2020/8/24 20:34,20.8285
2020/8/24 20:39,20.8285
2020/8/24 20:44,20.8285
2020/8/24 20:49,20.7364
2020/8/24 20:54,20.7364
2020/8/24 20:59,20.7456
2020/8/24 21:04,20.7364
2020/8/24 21:09,20.7364
2020/8/24 21:14,20.7364
2020/8/24 21:19,20.7456
2020/8/24 21:24,20.7364
2020/8/24 21:29,20.7364
2020/8/24 21:34,20.7364
2020/8/24 21:39,20.7364
2020/8/24 21:44,20.7456
2020/8/24 21:49,20.7364
2020/8/24 21:54,20.7364
2020/8/24 21:59,20.7456
2020/8/24 22:04,20.7364
2020/8/24 22:09,20.7364
2020/8/24 22:14,20.7364
2020/8/24 22:19,20.7456
2020/8/24 22:24,20.7456
2020/8/24 22:29,20.7456
2020/8/24 22:34,20.7364
2020/8/24 22:39,20.7364
2020/8/24 22:44,20.7364
2020/8/24 22:49,20.7456
2020/8/24 22:54,20.7548
2020/8/24 22:59,20.7456
2020/8/24 23:04,20.7548
2020/8/24 23:09,20.7364
2020/8/24 23:14,20.7548
2020/8/24 23:19,20.7548
2020/8/24 23:24,20.6351
2020/8/24 23:29,20.6351
2020/8/24 23:34,20.6259
2020/8/24 23:39,20.6443
2020/8/24 23:44,20.6259
2020/8/24 23:49,20.6351
2020/8/24 23:54,20.6443
2020/8/24 23:59,20.6351
2020/8/25 0:04,20.6351
2020/8/25 0:09,20.6443
2020/8/25 0:14,20.6351
2020/8/25 0:19,20.6443
2020/8/25 0:24,20.6351
2020/8/25 0:29,20.6351
2020/8/25 0:34,20.6259
2020/8/25 0:39,20.6443
2020/8/25 0:44,20.6259
2020/8/25 0:49,20.6351
2020/8/25 0:54,20.6351
2020/8/25 0:59,20.6535
2020/8/25 1:04,20.6443
2020/8/25 1:09,20.6259
2020/8/25 1:14,20.6443
2020/8/25 1:19,20.6351
2020/8/25 1:24,20.6443
2020/8/25 1:29,20.6351
2020/8/25 1:34,20.6351
2020/8/25 1:39,20.6351
2020/8/25 1:44,20.6443
2020/8/25 1:49,20.6351
2020/8/25 1:54,20.6351
2020/8/25 1:59,20.6351
2020/8/25 2:04,20.6443
2020/8/25 2:09,20.6535
2020/8/25 2:14,20.6443
2020/8/25 2:19,20.6351
2020/8/25 2:24,20.6351
2020/8/25 2:29,20.6351
2020/8/25 2:34,20.6351
2020/8/25 2:39,20.6351
2020/8/25 2:44,20.6351
2020/8/25 2:49,20.6535
2020/8/25 2:54,20.6443
2020/8/25 2:59,20.6351
2020/8/25 3:04,20.6351
2020/8/25 3:09,20.6443
2020/8/25 3:14,20.6443
2020/8/25 3:19,20.6351
2020/8/25 3:24,20.6535
2020/8/25 3:29,20.6443
2020/8/25 3:34,20.6351
2020/8/25 3:39,20.6351
2020/8/25 3:44,20.6351
2020/8/25 3:49,20.6351
2020/8/25 3:54,20.6535
2020/8/25 3:59,20.6535
2020/8/25 4:04,20.6443
2020/8/25 4:09,20.6351
2020/8/25 4:14,20.6443
2020/8/25 4:19,20.6351
2020/8/25 4:24,20.6443
2020/8/25 4:29,20.6443
2020/8/25 4:34,20.6443
2020/8/25 4:39,20.6535
2020/8/25 4:44,20.6535
2020/8/25 4:49,20.6351
2020/8/25 4:54,20.6535
2020/8/25 4:59,20.6535
2020/8/25 5:04,20.6351
2020/8/25 5:09,20.6351
2020/8/25 5:14,20.6535
2020/8/25 5:19,20.6535
2020/8/25 5:24,20.6351
2020/8/25 5:29,20.6351
2020/8/25 5:34,20.6443
2020/8/25 5:39,20.6351
2020/8/25 5:44,20.6351
2020/8/25 5:49,20.6443
2020/8/25 5:54,20.6535
2020/8/25 5:59,20.6443
2020/8/25 6:04,20.6351
2020/8/25 6:09,20.6351
2020/8/25 6:14,20.6535
2020/8/25 6:19,20.6535
2020/8/25 6:24,20.6351
2020/8/25 6:29,20.6535
2020/8/25 6:34,20.6443
2020/8/25 6:39,20.6535
2020/8/25 6:44,20.6535
2020/8/25 6:49,20.6351
2020/8/25 6:54,20.6351
2020/8/25 6:59,20.6351
2020/8/25 7:04,20.6535
2020/8/25 7:09,20.6535
2020/8/25 7:14,20.6351
2020/8/25 7:19,20.6535
2020/8/25 7:24,20.6351
2020/8/25 7:29,20.6535
2020/8/25 7:34,20.6443
2020/8/25 7:39,20.7548
2020/8/25 7:44,20.7548
2020/8/25 7:49,20.7456
2020/8/25 7:54,20.7548
2020/8/25 7:59,20.7456
2020/8/25 8:04,20.7456
2020/8/25 8:09,20.7456
2020/8/25 8:14,20.7548
2020/8/25 8:19,20.7456
2020/8/25 8:24,20.7364
2020/8/25 8:29,20.7456
2020/8/25 8:34,20.8377
2020/8/25 8:39,20.8377
2020/8/25 8:44,20.8377
2020/8/25 8:49,20.8377
2020/8/25 8:54,20.8377
2020/8/25 8:59,20.8377
2020/8/25 9:04,20.8377
2020/8/25 9:09,20.8377
2020/8/25 9:14,20.8285
2020/8/25 9:19,20.8377
2020/8/25 9:24,20.8377
2020/8/25 9:29,20.8377
2020/8/25 9:34,20.8285
2020/8/25 9:39,20.8377
2020/8/25 9:44,20.8285
2020/8/25 9:49,20.9391
2020/8/25 9:54,20.9299
2020/8/25 9:59,20.8377
2020/8/25 10:04,20.9299
2020/8/25 10:09,20.9206
2020/8/25 10:14,20.9299
2020/8/25 10:19,20.9299
2020/8/25 10:24,20.9299
2020/8/25 10:29,20.9299
2020/8/25 10:34,20.9206
2020/8/25 10:39,20.9206
2020/8/25 10:44,20.9206
2020/8/25 10:49,20.9206
2020/8/25 10:54,20.9206
2020/8/25 10:59,20.9299
2020/8/25 11:04,20.9206
2020/8/25 11:09,21.022
2020/8/25 11:14,21.022
2020/8/25 11:19,21.0312
2020/8/25 11:24,21.022
2020/8/25 11:29,21.0312
2020/8/25 11:34,21.022
2020/8/25 11:39,21.022
2020/8/25 11:44,21.0128
2020/8/25 11:49,21.022
2020/8/25 11:54,21.022
2020/8/25 11:59,21.022
2020/8/25 12:04,21.0128
2020/8/25 12:09,21.0128
2020/8/25 12:14,21.022
2020/8/25 12:19,21.0128
2020/8/25 12:24,21.1325
2020/8/25 12:29,21.1233
2020/8/25 12:34,21.1233
2020/8/25 12:39,21.1233
2020/8/25 12:44,21.1233
2020/8/25 12:49,21.1233
2020/8/25 12:54,21.1233
2020/8/25 12:59,21.1233
2020/8/25 13:04,21.1141
2020/8/25 13:09,21.1141
2020/8/25 13:14,21.1141
2020/8/25 13:19,21.1233
2020/8/25 13:24,21.1141
2020/8/25 13:29,21.1141
2020/8/25 13:34,21.1233
2020/8/25 13:39,21.1141
2020/8/25 13:44,21.1233
2020/8/25 13:49,21.1141
2020/8/25 13:54,21.1233
2020/8/25 13:59,21.1141
2020/8/25 14:04,21.1141
2020/8/25 14:09,21.1233
2020/8/25 14:14,21.1233
2020/8/25 14:19,21.1233
2020/8/25 14:24,21.2062
2020/8/25 14:29,21.2062
2020/8/25 14:34,21.2062
2020/8/25 14:39,21.2062
2020/8/25 14:44,21.2062
2020/8/25 14:49,21.2062
2020/8/25 14:54,21.2062
2020/8/25 14:59,21.197
2020/8/25 15:04,21.2062
2020/8/25 15:09,21.2062
2020/8/25 15:14,21.3168
2020/8/25 15:19,21.3168
2020/8/25 15:24,21.197
2020/8/25 15:29,21.2062
2020/8/25 15:34,21.2062
2020/8/25 15:39,21.2062
2020/8/25 15:44,21.1233
2020/8/25 15:49,21.2062
2020/8/25 15:54,21.1141
2020/8/25 15:59,21.1233
2020/8/25 16:04,21.2154
2020/8/25 16:09,21.1233
2020/8/25 16:14,21.2154
2020/8/25 16:19,21.2154
2020/8/25 16:24,21.1141
2020/8/25 16:29,21.1141
2020/8/25 16:34,21.1233
2020/8/25 16:39,21.2062
2020/8/25 16:44,21.1233
2020/8/25 16:49,21.1233
2020/8/25 16:54,21.1233
2020/8/25 16:59,21.1141
2020/8/25 17:04,21.1233
2020/8/25 17:09,21.1141
2020/8/25 17:14,21.1233
2020/8/25 17:19,21.1141
2020/8/25 17:24,21.1141
2020/8/25 17:29,21.1233
2020/8/25 17:34,21.1325
2020/8/25 17:39,21.1233
2020/8/25 17:44,21.1325
2020/8/25 17:49,21.1325
2020/8/25 17:54,21.022
2020/8/25 17:59,21.0128
2020/8/25 18:04,21.022
2020/8/25 18:09,21.0128
2020/8/25 18:14,21.0128
2020/8/25 18:19,21.022
2020/8/25 18:24,21.022
2020/8/25 18:29,21.022
2020/8/25 18:34,21.022
2020/8/25 18:39,20.9114
2020/8/25 18:44,20.9114
2020/8/25 18:49,20.9206
2020/8/25 18:54,20.9114
2020/8/25 18:59,20.9114
2020/8/25 19:04,20.9114
2020/8/25 19:09,20.9114
2020/8/25 19:14,20.9114
2020/8/25 19:19,20.9206
2020/8/25 19:24,20.9206
2020/8/25 19:29,20.9114
2020/8/25 19:34,20.9206
2020/8/25 19:39,20.9114
2020/8/25 19:44,20.8193
2020/8/25 19:49,20.8193
2020/8/25 19:54,20.8193
2020/8/25 19:59,20.8193
2020/8/25 20:04,20.8285
2020/8/25 20:09,20.8193
2020/8/25 20:14,20.8193
2020/8/25 20:19,20.8285
2020/8/25 20:24,20.8285
2020/8/25 20:29,20.8285
2020/8/25 20:34,20.8193
2020/8/25 20:39,20.8285
2020/8/25 20:44,20.8193
2020/8/25 20:49,20.8193
2020/8/25 20:54,20.8285
2020/8/25 20:59,20.8193
2020/8/25 21:04,20.8193
2020/8/25 21:09,20.8193
2020/8/25 21:14,20.8193
2020/8/25 21:19,20.8285
2020/8/25 21:24,20.8285
2020/8/25 21:29,20.8009
2020/8/25 21:34,20.7272
2020/8/25 21:39,20.7364
2020/8/25 21:44,20.7272
2020/8/25 21:49,20.7364
2020/8/25 21:54,20.7272
2020/8/25 21:59,20.7364
2020/8/25 22:04,20.7272
2020/8/25 22:09,20.7272
2020/8/25 22:14,20.7272
2020/8/25 22:19,20.7272
2020/8/25 22:24,20.7272
2020/8/25 22:29,20.7272
2020/8/25 22:34,20.7364
2020/8/25 22:39,20.7364
2020/8/25 22:44,20.7272
2020/8/25 22:49,20.7364
2020/8/25 22:54,20.7364
2020/8/25 22:59,20.7272
2020/8/25 23:04,20.7364
2020/8/25 23:09,20.7364
2020/8/25 23:14,20.7364
2020/8/25 23:19,20.7364
2020/8/25 23:24,20.7364
2020/8/25 23:29,20.7456
2020/8/25 23:34,20.7272
2020/8/25 23:39,20.7272
2020/8/25 23:44,20.7272
2020/8/25 23:49,20.7272
2020/8/25 23:54,20.7364
2020/8/25 23:59,20.7364
2020/8/26 0:04,20.7364
2020/8/26 0:09,20.7364
2020/8/26 0:14,20.7272
2020/8/26 0:19,20.7456
2020/8/26 0:24,20.7456
2020/8/26 0:29,20.7364
2020/8/26 0:34,20.7272
2020/8/26 0:39,20.7364
2020/8/26 0:44,20.7272
2020/8/26 0:49,20.7364
2020/8/26 0:54,20.7364
2020/8/26 0:59,20.7364
2020/8/26 1:04,20.7364
2020/8/26 1:09,20.7456
2020/8/26 1:14,20.7456
2020/8/26 1:19,20.7272
2020/8/26 1:24,20.7456
2020/8/26 1:29,20.7456
2020/8/26 1:34,20.7456
2020/8/26 1:39,20.7272
2020/8/26 1:44,20.7272
2020/8/26 1:49,20.7364
2020/8/26 1:54,20.7272
2020/8/26 1:59,20.7272
2020/8/26 2:04,20.7272
2020/8/26 2:09,20.7364
2020/8/26 2:14,20.7364
2020/8/26 2:19,20.7272
2020/8/26 2:24,20.7272
2020/8/26 2:29,20.7364
2020/8/26 2:34,20.7456
2020/8/26 2:39,20.7364
2020/8/26 2:44,20.7456
2020/8/26 2:49,20.7364
2020/8/26 2:54,20.7456
2020/8/26 2:59,20.7272
2020/8/26 3:04,20.7456
2020/8/26 3:09,20.7456
2020/8/26 3:14,20.7272
2020/8/26 3:19,20.7272
2020/8/26 3:24,20.7456
2020/8/26 3:29,20.7456
2020/8/26 3:34,20.7364
2020/8/26 3:39,20.7272
2020/8/26 3:44,20.7456
2020/8/26 3:49,20.7364
2020/8/26 3:54,20.7456
2020/8/26 3:59,20.7456
2020/8/26 4:04,20.7456
2020/8/26 4:09,20.7364
2020/8/26 4:14,20.7364
2020/8/26 4:19,20.7456
2020/8/26 4:24,20.718
2020/8/26 4:29,20.6443
2020/8/26 4:34,20.6259
2020/8/26 4:39,20.6443
2020/8/26 4:44,20.6443
2020/8/26 4:49,20.6351
2020/8/26 4:54,20.6259
2020/8/26 4:59,20.6351
2020/8/26 5:04,20.6443
2020/8/26 5:09,20.6443
2020/8/26 5:14,20.6259
2020/8/26 5:19,20.6259
2020/8/26 5:24,20.6443
2020/8/26 5:29,20.6351
2020/8/26 5:34,20.6351
2020/8/26 5:39,20.6351
2020/8/26 5:44,20.6443
2020/8/26 5:49,20.6351
2020/8/26 5:54,20.6443
2020/8/26 5:59,20.6259
2020/8/26 6:04,20.6443
2020/8/26 6:09,20.6351
2020/8/26 6:14,20.6351
2020/8/26 6:19,20.6443
2020/8/26 6:24,20.6351
2020/8/26 6:29,20.6443
2020/8/26 6:34,20.6443
2020/8/26 6:39,20.6259
2020/8/26 6:44,20.6259
2020/8/26 6:49,20.6627
2020/8/26 6:54,20.6259
2020/8/26 6:59,20.6351
2020/8/26 7:04,20.7456
2020/8/26 7:09,20.7364
2020/8/26 7:14,20.7456
2020/8/26 7:19,20.7456
2020/8/26 7:24,20.7456
2020/8/26 7:29,20.7364
2020/8/26 7:34,20.7456
2020/8/26 7:39,20.7456
2020/8/26 7:44,20.7364
2020/8/26 7:49,20.7456
2020/8/26 7:54,20.7456
2020/8/26 7:59,20.7364
2020/8/26 8:04,20.7364
2020/8/26 8:09,20.7456
2020/8/26 8:14,20.8377
2020/8/26 8:19,20.8377
2020/8/26 8:24,20.8377
2020/8/26 8:29,20.8377
2020/8/26 8:34,20.8377
2020/8/26 8:39,20.8377
2020/8/26 8:44,20.8377
2020/8/26 8:49,20.8285
2020/8/26 8:54,20.8285
2020/8/26 8:59,20.8377
2020/8/26 9:04,20.8377
2020/8/26 9:09,20.8377
2020/8/26 9:14,20.8285
2020/8/26 9:19,20.8377
2020/8/26 9:24,20.8285
2020/8/26 9:29,20.8377
2020/8/26 9:34,20.9206
2020/8/26 9:39,20.9299
2020/8/26 9:44,20.9299
2020/8/26 9:49,20.9299
2020/8/26 9:54,20.9299
2020/8/26 9:59,20.8285
2020/8/26 10:04,20.9299
2020/8/26 10:09,20.9299
2020/8/26 10:14,20.9206
2020/8/26 10:19,20.9206
2020/8/26 10:24,20.9206
2020/8/26 10:29,20.9299
2020/8/26 10:34,20.9299
2020/8/26 10:39,20.9206
2020/8/26 10:44,20.9299
2020/8/26 10:49,20.9206
2020/8/26 10:54,20.9206
2020/8/26 10:59,20.9114
2020/8/26 11:04,20.9206
2020/8/26 11:09,20.9206
2020/8/26 11:14,20.9114
2020/8/26 11:19,20.9206
2020/8/26 11:24,20.9206
2020/8/26 11:29,20.9114
2020/8/26 11:34,20.9114
2020/8/26 11:39,20.9114
2020/8/26 11:44,20.9206
2020/8/26 11:49,20.9206
2020/8/26 11:54,20.9206
2020/8/26 11:59,20.9206
2020/8/26 12:04,20.9114
2020/8/26 12:09,20.9114
2020/8/26 12:14,20.9114
2020/8/26 12:19,20.9114
2020/8/26 12:24,20.9114
2020/8/26 12:29,20.9114
2020/8/26 12:34,20.9114
2020/8/26 12:39,20.9114
2020/8/26 12:44,20.9114
2020/8/26 12:49,20.9114
2020/8/26 12:54,20.9114
2020/8/26 12:59,20.9114
2020/8/26 13:04,20.9206
2020/8/26 13:09,20.9114
2020/8/26 13:14,20.9114
2020/8/26 13:19,20.9206
2020/8/26 13:24,20.9206
2020/8/26 13:29,20.9114
2020/8/26 13:34,20.9114
2020/8/26 13:39,20.9206
2020/8/26 13:44,20.9114
2020/8/26 13:49,20.9206
2020/8/26 13:54,20.9206
2020/8/26 13:59,20.9206
2020/8/26 14:04,20.9206
2020/8/26 14:09,20.9206
2020/8/26 14:14,20.9114
2020/8/26 14:19,20.9114
2020/8/26 14:24,20.9206
2020/8/26 14:29,20.9114
2020/8/26 14:34,20.9114
2020/8/26 14:39,20.9206
2020/8/26 14:44,20.9206
2020/8/26 14:49,20.9114
2020/8/26 14:54,20.9206
2020/8/26 14:59,20.9114
2020/8/26 15:04,20.9206
2020/8/26 15:09,20.9206
2020/8/26 15:14,20.9206
2020/8/26 15:19,20.9206
2020/8/26 15:24,20.9206
2020/8/26 15:29,20.9206
2020/8/26 15:34,20.9206
2020/8/26 15:39,20.9114
2020/8/26 15:44,20.9206
2020/8/26 15:49,20.9206
2020/8/26 15:54,20.9206
2020/8/26 15:59,20.9114
2020/8/26 16:04,20.9114
2020/8/26 16:09,20.9206
2020/8/26 16:14,20.9114
2020/8/26 16:19,20.9114
2020/8/26 16:24,20.9206
2020/8/26 16:29,20.9114
2020/8/26 16:34,20.9206
2020/8/26 16:39,20.9114
2020/8/26 16:44,20.9206
2020/8/26 16:49,20.9206
2020/8/26 16:54,20.9114
2020/8/26 16:59,20.9206
2020/8/26 17:04,20.9206
2020/8/26 17:09,20.9206
2020/8/26 17:14,20.9206
2020/8/26 17:19,20.9114
2020/8/26 17:24,20.9206
2020/8/26 17:29,20.9206
2020/8/26 17:34,20.8193
2020/8/26 17:39,20.8193
2020/8/26 17:44,20.8193
2020/8/26 17:49,20.8193
2020/8/26 17:54,20.8193
2020/8/26 17:59,20.8193
2020/8/26 18:04,20.8193
2020/8/26 18:09,20.8193
2020/8/26 18:14,20.8285
2020/8/26 18:19,20.8193
2020/8/26 18:24,20.8193
2020/8/26 18:29,20.8193
2020/8/26 18:34,20.8193
2020/8/26 18:39,20.8193
2020/8/26 18:44,20.8193
2020/8/26 18:49,20.8285
2020/8/26 18:54,20.8285
2020/8/26 18:59,20.8285
2020/8/26 19:04,20.8285
2020/8/26 19:09,20.8193
2020/8/26 19:14,20.8285
2020/8/26 19:19,20.8193
2020/8/26 19:24,20.8285
2020/8/26 19:29,20.8285
2020/8/26 19:34,20.8285
2020/8/26 19:39,20.8193
2020/8/26 19:44,20.8285
2020/8/26 19:49,20.8285
2020/8/26 19:54,20.8285
2020/8/26 19:59,20.7364
2020/8/26 20:04,20.7364
2020/8/26 20:09,20.7364
2020/8/26 20:14,20.7364
2020/8/26 20:19,20.7272
2020/8/26 20:24,20.7272
2020/8/26 20:29,20.7272
2020/8/26 20:34,20.7364
2020/8/26 20:39,20.7364
2020/8/26 20:44,20.7272
2020/8/26 20:49,20.7364
2020/8/26 20:54,20.7272
2020/8/26 20:59,20.7364
2020/8/26 21:04,20.7272
2020/8/26 21:09,20.7364
2020/8/26 21:14,20.7364
2020/8/26 21:19,20.7364
2020/8/26 21:24,20.7364
2020/8/26 21:29,20.7364
2020/8/26 21:34,20.7364
2020/8/26 21:39,20.7456
2020/8/26 21:44,20.7364
2020/8/26 21:49,20.7272
2020/8/26 21:54,20.7364
2020/8/26 21:59,20.7364
2020/8/26 22:04,20.7364
2020/8/26 22:09,20.7456
2020/8/26 22:14,20.7364
2020/8/26 22:19,20.7364
2020/8/26 22:24,20.7364
2020/8/26 22:29,20.7272
2020/8/26 22:34,20.7364
2020/8/26 22:39,20.7272
2020/8/26 22:44,20.7272
2020/8/26 22:49,20.7456
2020/8/26 22:54,20.7364
2020/8/26 22:59,20.7364
2020/8/26 23:04,20.7364
2020/8/26 23:09,20.7456
2020/8/26 23:14,20.7456
2020/8/26 23:19,20.7456
2020/8/26 23:24,20.7456
2020/8/26 23:29,20.7456
2020/8/26 23:34,20.7456
2020/8/26 23:39,20.7364
2020/8/26 23:44,20.7364
2020/8/26 23:49,20.7364
2020/8/26 23:54,20.7272
2020/8/26 23:59,20.7364
2020/8/27 0:04,20.7456
2020/8/27 0:09,20.7456
2020/8/27 0:14,20.7364
2020/8/27 0:19,20.7548
2020/8/27 0:24,20.7364
2020/8/27 0:29,20.7364
2020/8/27 0:34,20.7364
2020/8/27 0:39,20.7456
2020/8/27 0:44,20.7364
2020/8/27 0:49,20.7364
2020/8/27 0:54,20.7364
2020/8/27 0:59,20.7364
2020/8/27 1:04,20.7364
2020/8/27 1:09,20.7456
2020/8/27 1:14,20.7364
2020/8/27 1:19,20.7272
2020/8/27 1:24,20.7456
2020/8/27 1:29,20.7364
2020/8/27 1:34,20.7456
2020/8/27 1:39,20.7272
2020/8/27 1:44,20.7364
2020/8/27 1:49,20.7456
2020/8/27 1:54,20.7456
2020/8/27 1:59,20.7456
2020/8/27 2:04,20.7364
2020/8/27 2:09,20.7364
2020/8/27 2:14,20.7456
2020/8/27 2:19,20.7364
2020/8/27 2:24,20.7364
2020/8/27 2:29,20.7456
2020/8/27 2:34,20.7272
2020/8/27 2:39,20.7456
2020/8/27 2:44,20.7364
2020/8/27 2:49,20.7364
2020/8/27 2:54,20.7456
2020/8/27 2:59,20.7548
2020/8/27 3:04,20.7548
2020/8/27 3:09,20.7456
2020/8/27 3:14,20.7364
2020/8/27 3:19,20.7456
2020/8/27 3:24,20.7364
2020/8/27 3:29,20.7364
2020/8/27 3:34,20.7456
2020/8/27 3:39,20.7456
2020/8/27 3:44,20.7364
2020/8/27 3:49,20.7364
2020/8/27 3:54,20.7364
2020/8/27 3:59,20.7456
2020/8/27 4:04,20.7364
2020/8/27 4:09,20.7456
2020/8/27 4:14,20.7364
2020/8/27 4:19,20.7456
2020/8/27 4:24,20.7456
2020/8/27 4:29,20.7364
2020/8/27 4:34,20.7364
2020/8/27 4:39,20.7456
2020/8/27 4:44,20.7364
2020/8/27 4:49,20.7456
2020/8/27 4:54,20.7364
2020/8/27 4:59,20.7456
2020/8/27 5:04,20.7364
2020/8/27 5:09,20.7456
2020/8/27 5:14,20.7364
2020/8/27 5:19,20.7456
2020/8/27 5:24,20.7364
2020/8/27 5:29,20.7456
2020/8/27 5:34,20.7364
2020/8/27 5:39,20.7456
2020/8/27 5:44,20.7364
2020/8/27 5:49,20.7364
2020/8/27 5:54,20.7456
2020/8/27 5:59,20.7456
2020/8/27 6:04,20.7364
2020/8/27 6:09,20.7364
2020/8/27 6:14,20.7364
2020/8/27 6:19,20.7364
2020/8/27 6:24,20.7456
2020/8/27 6:29,20.7456
2020/8/27 6:34,20.7456
2020/8/27 6:39,20.7364
2020/8/27 6:44,20.7456
2020/8/27 6:49,20.7364
2020/8/27 6:54,20.7456
2020/8/27 6:59,20.7456
2020/8/27 7:04,20.7456
2020/8/27 7:09,20.7456
2020/8/27 7:14,20.7364
2020/8/27 7:19,20.7364
2020/8/27 7:24,20.7364
2020/8/27 7:29,20.7456
2020/8/27 7:34,20.7364
2020/8/27 7:39,20.7364
2020/8/27 7:44,20.7456
2020/8/27 7:49,20.7364
2020/8/27 7:54,20.7364
2020/8/27 7:59,20.7456
2020/8/27 8:04,20.7364
2020/8/27 8:09,20.7364
2020/8/27 8:14,20.7364
2020/8/27 8:19,20.7825
2020/8/27 8:24,20.7364
2020/8/27 8:29,20.7364
2020/8/27 8:34,20.8285
2020/8/27 8:39,20.8285
2020/8/27 8:44,20.8285
2020/8/27 8:49,20.8285
2020/8/27 8:54,20.8285
2020/8/27 8:59,20.8285
2020/8/27 9:04,20.8285
2020/8/27 9:09,20.8285
2020/8/27 9:14,20.8377
2020/8/27 9:19,20.9299
2020/8/27 9:24,20.9206
2020/8/27 9:29,20.8285
2020/8/27 9:34,20.9206
2020/8/27 9:39,20.8285
2020/8/27 9:44,20.8193
2020/8/27 9:49,20.8285
2020/8/27 9:54,20.8285
2020/8/27 9:59,20.8285
2020/8/27 10:04,20.8285
2020/8/27 10:09,20.8193
2020/8/27 10:14,20.8838
2020/8/27 10:19,20.8193
2020/8/27 10:24,20.9206
2020/8/27 10:29,20.9299
2020/8/27 10:34,20.9206
2020/8/27 10:39,20.9206
2020/8/27 10:44,20.9206
2020/8/27 10:49,20.9114
2020/8/27 10:54,20.9114
2020/8/27 10:59,20.9206
2020/8/27 11:04,20.9206
2020/8/27 11:09,20.9206
2020/8/27 11:14,20.9206
2020/8/27 11:19,20.9206
2020/8/27 11:24,20.9206
2020/8/27 11:29,20.9114
2020/8/27 11:34,20.9206
2020/8/27 11:39,20.9114
2020/8/27 11:44,20.9206
2020/8/27 11:49,20.9114
2020/8/27 11:54,20.9114
2020/8/27 11:59,20.9206
2020/8/27 12:04,20.9206
2020/8/27 12:09,20.9206
2020/8/27 12:14,20.9206
2020/8/27 12:19,20.9114
2020/8/27 12:24,20.9114
2020/8/27 12:29,20.9114
2020/8/27 12:34,20.9114
2020/8/27 12:39,20.9114
2020/8/27 12:44,20.9114
2020/8/27 12:49,21.022
2020/8/27 12:54,21.0128
2020/8/27 12:59,21.0128
2020/8/27 13:04,21.0128
2020/8/27 13:09,21.022
2020/8/27 13:14,21.022
2020/8/27 13:19,21.022
2020/8/27 13:24,21.0128
2020/8/27 13:29,21.022
2020/8/27 13:34,21.0128
2020/8/27 13:39,21.022
2020/8/27 13:44,21.022
2020/8/27 13:49,21.022
2020/8/27 13:54,21.0128
2020/8/27 13:59,21.0128
2020/8/27 14:04,21.022
2020/8/27 14:09,21.0128
2020/8/27 14:14,21.022
2020/8/27 14:19,21.022
2020/8/27 14:24,21.022
2020/8/27 14:29,20.9114
2020/8/27 14:34,21.022
2020/8/27 14:39,21.022
2020/8/27 14:44,21.022
2020/8/27 14:49,21.022
2020/8/27 14:54,21.022
2020/8/27 14:59,21.0128
2020/8/27 15:04,21.022
2020/8/27 15:09,21.022
2020/8/27 15:14,21.0128
2020/8/27 15:19,21.0128
2020/8/27 15:24,21.022
2020/8/27 15:29,21.0128
2020/8/27 15:34,21.022
2020/8/27 15:39,21.0128
2020/8/27 15:44,21.022
2020/8/27 15:49,21.0128
2020/8/27 15:54,21.022
2020/8/27 15:59,20.9114
2020/8/27 16:04,20.9114
2020/8/27 16:09,20.9206
2020/8/27 16:14,20.9114
2020/8/27 16:19,20.9206
2020/8/27 16:24,20.9114
2020/8/27 16:29,20.9114
2020/8/27 16:34,20.9114
2020/8/27 16:39,20.9114
2020/8/27 16:44,20.9114
2020/8/27 16:49,20.9114
2020/8/27 16:54,20.9206
2020/8/27 16:59,20.9114
2020/8/27 17:04,20.9114
2020/8/27 17:09,20.9114
2020/8/27 17:14,20.9114
2020/8/27 17:19,20.9114
2020/8/27 17:24,20.9206
2020/8/27 17:29,20.9206
2020/8/27 17:34,20.9206
2020/8/27 17:39,20.9206
2020/8/27 17:44,20.9114
2020/8/27 17:49,20.9206
2020/8/27 17:54,20.9206
2020/8/27 17:59,20.9206
2020/8/27 18:04,20.9114
2020/8/27 18:09,20.9206
2020/8/27 18:14,20.9206
2020/8/27 18:19,20.8193
2020/8/27 18:24,20.8193
2020/8/27 18:29,20.8193
2020/8/27 18:34,20.8193
2020/8/27 18:39,20.8193
2020/8/27 18:44,20.8285
2020/8/27 18:49,20.8285
2020/8/27 18:54,20.8285
2020/8/27 18:59,20.8285
2020/8/27 19:04,20.8285
2020/8/27 19:09,20.8285
2020/8/27 19:14,20.8285
2020/8/27 19:19,20.8285
2020/8/27 19:24,20.8285
2020/8/27 19:29,20.8193
2020/8/27 19:34,20.8285
2020/8/27 19:39,20.8285
2020/8/27 19:44,20.8285
2020/8/27 19:49,20.8285
2020/8/27 19:54,20.8285
2020/8/27 19:59,20.8285
2020/8/27 20:04,20.8285
2020/8/27 20:09,20.8285
2020/8/27 20:14,20.8377
2020/8/27 20:19,20.8285
2020/8/27 20:24,20.8285
2020/8/27 20:29,20.8285
2020/8/27 20:34,20.8285
2020/8/27 20:39,20.8377
2020/8/27 20:44,20.8285
2020/8/27 20:49,20.8377
2020/8/27 20:54,20.8285
2020/8/27 20:59,20.8377
2020/8/27 21:04,20.8285
2020/8/27 21:09,20.8285
2020/8/27 21:14,20.8285
2020/8/27 21:19,20.8285
2020/8/27 21:24,20.8285
2020/8/27 21:29,20.8285
2020/8/27 21:34,20.8285
2020/8/27 21:39,20.8377
2020/8/27 21:44,20.8285
2020/8/27 21:49,20.8377
2020/8/27 21:54,20.8377
2020/8/27 21:59,20.8377
2020/8/27 22:04,20.8377
2020/8/27 22:09,20.8377
2020/8/27 22:14,20.8285
2020/8/27 22:19,20.8377
2020/8/27 22:24,20.8377
2020/8/27 22:29,20.7364
2020/8/27 22:34,20.8285
2020/8/27 22:39,20.8285
2020/8/27 22:44,20.7456
2020/8/27 22:49,20.7364
2020/8/27 22:54,20.7456
2020/8/27 22:59,20.7364
2020/8/27 23:04,20.7364
2020/8/27 23:09,20.7364
2020/8/27 23:14,20.7364
2020/8/27 23:19,20.7364
2020/8/27 23:24,20.7364
2020/8/27 23:29,20.7456
2020/8/27 23:34,20.7364
2020/8/27 23:39,20.7364
2020/8/27 23:44,20.7364
2020/8/27 23:49,20.7364
2020/8/27 23:54,20.7364
2020/8/27 23:59,20.7364
2020/8/28 0:04,20.7364
2020/8/28 0:09,20.7456
2020/8/28 0:14,20.7456
2020/8/28 0:19,20.7456
2020/8/28 0:24,20.7456
2020/8/28 0:29,20.7456
2020/8/28 0:34,20.7364
2020/8/28 0:39,20.7364
2020/8/28 0:44,20.7456
2020/8/28 0:49,20.7548
2020/8/28 0:54,20.7456
2020/8/28 0:59,20.6811
2020/8/28 1:04,20.7456
2020/8/28 1:09,20.6443
2020/8/28 1:14,20.6443
2020/8/28 1:19,20.6443
2020/8/28 1:24,20.6351
2020/8/28 1:29,20.6351
2020/8/28 1:34,20.6351
2020/8/28 1:39,20.6351
2020/8/28 1:44,20.6443
2020/8/28 1:49,20.6443
2020/8/28 1:54,20.6535
2020/8/28 1:59,20.6443
2020/8/28 2:04,20.6351
2020/8/28 2:09,20.6351
2020/8/28 2:14,20.6443
2020/8/28 2:19,20.6535
2020/8/28 2:24,20.6443
2020/8/28 2:29,20.6443
2020/8/28 2:34,20.6351
2020/8/28 2:39,20.6535
2020/8/28 2:44,20.6351
2020/8/28 2:49,20.6351
2020/8/28 2:54,20.6535
2020/8/28 2:59,20.6351
2020/8/28 3:04,20.6351
2020/8/28 3:09,20.6351
2020/8/28 3:14,20.6443
2020/8/28 3:19,20.6351
2020/8/28 3:24,20.6443
2020/8/28 3:29,20.6351
2020/8/28 3:34,20.6351
2020/8/28 3:39,20.6535
2020/8/28 3:44,20.6443
2020/8/28 3:49,20.6351
2020/8/28 3:54,20.6351
2020/8/28 3:59,20.6443
2020/8/28 4:04,20.6351
2020/8/28 4:09,20.6443
2020/8/28 4:14,20.6535
2020/8/28 4:19,20.6535
2020/8/28 4:24,20.6443
2020/8/28 4:29,20.6443
2020/8/28 4:34,20.6535
2020/8/28 4:39,20.6627
2020/8/28 4:44,20.6443
2020/8/28 4:49,20.6535
2020/8/28 4:54,20.6535
2020/8/28 4:59,20.6443
2020/8/28 5:04,20.6443
2020/8/28 5:09,20.6351
2020/8/28 5:14,20.6351
2020/8/28 5:19,20.6443
2020/8/28 5:24,20.6443
2020/8/28 5:29,20.6351
2020/8/28 5:34,20.6351
2020/8/28 5:39,20.6627
2020/8/28 5:44,20.6535
2020/8/28 5:49,20.6443
2020/8/28 5:54,20.6351
2020/8/28 5:59,20.6535
2020/8/28 6:04,20.6443
2020/8/28 6:09,20.6535
2020/8/28 6:14,20.6535
2020/8/28 6:19,20.6351
2020/8/28 6:24,20.6351
2020/8/28 6:29,20.6351
2020/8/28 6:34,20.6351
2020/8/28 6:39,20.6535
2020/8/28 6:44,20.6535
2020/8/28 6:49,20.6443
2020/8/28 6:54,20.6351
2020/8/28 6:59,20.6443
2020/8/28 7:04,20.6535
2020/8/28 7:09,20.6443
2020/8/28 7:14,20.6443
2020/8/28 7:19,20.6443
2020/8/28 7:24,20.6443
2020/8/28 7:29,20.6443
2020/8/28 7:34,20.6443
2020/8/28 7:39,20.7548
2020/8/28 7:44,20.7456
2020/8/28 7:49,20.7548
2020/8/28 7:54,20.7548
2020/8/28 7:59,20.7456
2020/8/28 8:04,20.7548
2020/8/28 8:09,20.7548
2020/8/28 8:14,20.7548
2020/8/28 8:19,20.7456
2020/8/28 8:24,20.7548
2020/8/28 8:29,20.7456
2020/8/28 8:34,20.847
2020/8/28 8:39,20.8377
2020/8/28 8:44,20.8377
2020/8/28 8:49,20.847
2020/8/28 8:54,20.8377
2020/8/28 8:59,20.8377
2020/8/28 9:04,20.8377
2020/8/28 9:09,20.8377
2020/8/28 9:14,20.8377
2020/8/28 9:19,20.8377
2020/8/28 9:24,20.8377
2020/8/28 9:29,20.8377
2020/8/28 9:34,20.8377
2020/8/28 9:39,20.8377
2020/8/28 9:44,20.8377
2020/8/28 9:49,20.8285
2020/8/28 9:54,20.9299
2020/8/28 9:59,20.9206
2020/8/28 10:04,20.9299
2020/8/28 10:09,20.9206
2020/8/28 10:14,20.9299
2020/8/28 10:19,20.9206
2020/8/28 10:24,20.9299
2020/8/28 10:29,20.9206
2020/8/28 10:34,20.9206
2020/8/28 10:39,20.9206
2020/8/28 10:44,20.9206
2020/8/28 10:49,20.9206
2020/8/28 10:54,20.9206
2020/8/28 10:59,20.9206
2020/8/28 11:04,20.9206
2020/8/28 11:09,20.9206
2020/8/28 11:14,20.9206
2020/8/28 11:19,21.0312
2020/8/28 11:24,21.0312
2020/8/28 11:29,21.022
2020/8/28 11:34,21.0312
2020/8/28 11:39,21.022
2020/8/28 11:44,21.022
2020/8/28 11:49,21.022
2020/8/28 11:54,21.022
2020/8/28 11:59,21.022
2020/8/28 12:04,21.022
2020/8/28 12:09,21.022
2020/8/28 12:14,21.022
2020/8/28 12:19,21.1233
2020/8/28 12:24,21.1233
2020/8/28 12:29,21.1233
2020/8/28 12:34,21.022
2020/8/28 12:39,21.0128
2020/8/28 12:44,21.1049
2020/8/28 12:49,21.1233
2020/8/28 12:54,21.1233
2020/8/28 12:59,21.1325
2020/8/28 13:04,21.022
2020/8/28 13:09,21.1233
2020/8/28 13:14,21.1233
2020/8/28 13:19,21.1233
2020/8/28 13:24,21.1325
2020/8/28 13:29,21.1325
2020/8/28 13:34,21.1233
2020/8/28 13:39,21.1233
2020/8/28 13:44,21.1325
2020/8/28 13:49,21.1325
2020/8/28 13:54,21.1233
2020/8/28 13:59,21.1233
2020/8/28 14:04,21.1233
2020/8/28 14:09,21.1233
2020/8/28 14:14,21.1325
2020/8/28 14:19,21.1233
2020/8/28 14:24,21.1233
2020/8/28 14:29,21.1233
2020/8/28 14:34,21.1325
2020/8/28 14:39,21.1233
2020/8/28 14:44,21.1233
2020/8/28 14:49,21.2062
2020/8/28 14:54,21.1325
2020/8/28 14:59,21.2154
2020/8/28 15:04,21.2154
2020/8/28 15:09,21.2062
2020/8/28 15:14,21.2062
2020/8/28 15:19,21.2154
2020/8/28 15:24,21.2154
2020/8/28 15:29,21.2154
2020/8/28 15:34,21.1325
2020/8/28 15:39,21.1141
2020/8/28 15:44,21.1233
2020/8/28 15:49,21.1233
2020/8/28 15:54,21.1325
2020/8/28 15:59,21.1233
2020/8/28 16:04,21.0128
2020/8/28 16:09,21.1233
2020/8/28 16:14,21.0128
2020/8/28 16:19,21.0128
2020/8/28 16:24,21.0128
2020/8/28 16:29,21.0128
2020/8/28 16:34,21.0128
2020/8/28 16:39,21.0128
2020/8/28 16:44,21.0128
2020/8/28 16:49,21.022
2020/8/28 16:54,21.022
2020/8/28 16:59,21.0128
2020/8/28 17:04,21.0128
2020/8/28 17:09,21.0128
2020/8/28 17:14,21.022
2020/8/28 17:19,21.022
2020/8/28 17:24,21.0128
2020/8/28 17:29,21.0128
2020/8/28 17:34,21.0128
2020/8/28 17:39,21.022
2020/8/28 17:44,20.9114
2020/8/28 17:49,20.9114
2020/8/28 17:54,20.9114
2020/8/28 17:59,20.9206
2020/8/28 18:04,20.9114
2020/8/28 18:09,20.9206
2020/8/28 18:14,20.9114
2020/8/28 18:19,20.9114
2020/8/28 18:24,20.9206
2020/8/28 18:29,20.9206
2020/8/28 18:34,20.9114
2020/8/28 18:39,20.9206
2020/8/28 18:44,20.9114
2020/8/28 18:49,20.9206
2020/8/28 18:54,20.9206
2020/8/28 18:59,20.9206
2020/8/28 19:04,20.9206
2020/8/28 19:09,20.9299
2020/8/28 19:14,20.9206
2020/8/28 19:19,20.8285
2020/8/28 19:24,20.8285
2020/8/28 19:29,20.8193
2020/8/28 19:34,20.8193
2020/8/28 19:39,20.8193
2020/8/28 19:44,20.8285
2020/8/28 19:49,20.8285
2020/8/28 19:54,20.8285
2020/8/28 19:59,20.8285
2020/8/28 20:04,20.8285
2020/8/28 20:09,20.8285
2020/8/28 20:14,20.8285
2020/8/28 20:19,20.8285
2020/8/28 20:24,20.8285
2020/8/28 20:29,20.8285
2020/8/28 20:34,20.8285
2020/8/28 20:39,20.8377
2020/8/28 20:44,20.8377
2020/8/28 20:49,20.8285
2020/8/28 20:54,20.8377
2020/8/28 20:59,20.8285
2020/8/28 21:04,20.8285
2020/8/28 21:09,20.8285
2020/8/28 21:14,20.8377
2020/8/28 21:19,20.7364
2020/8/28 21:24,20.7364
2020/8/28 21:29,20.7364
2020/8/28 21:34,20.7364
2020/8/28 21:39,20.7364
2020/8/28 21:44,20.7364
2020/8/28 21:49,20.7456
2020/8/28 21:54,20.7364
2020/8/28 21:59,20.7456
2020/8/28 22:04,20.7456
2020/8/28 22:09,20.7364
2020/8/28 22:14,20.7456
2020/8/28 22:19,20.7364
2020/8/28 22:24,20.7456
2020/8/28 22:29,20.7364
2020/8/28 22:34,20.7456
2020/8/28 22:39,20.7364
2020/8/28 22:44,20.7456
2020/8/28 22:49,20.7364
2020/8/28 22:54,20.7364
2020/8/28 22:59,20.7456
2020/8/28 23:04,20.7364
2020/8/28 23:09,20.7364
2020/8/28 23:14,20.7272
2020/8/28 23:19,20.7364
2020/8/28 23:24,20.7364
2020/8/28 23:29,20.7364
2020/8/28 23:34,20.7364
2020/8/28 23:39,20.7364
2020/8/28 23:44,20.7456
2020/8/28 23:49,20.7456
2020/8/28 23:54,20.7364
2020/8/28 23:59,20.7364
2020/8/29 0:04,20.7456
2020/8/29 0:09,20.7456
2020/8/29 0:14,20.7364
2020/8/29 0:19,20.7456
2020/8/29 0:24,20.7364
2020/8/29 0:29,20.7364
2020/8/29 0:34,20.7364
2020/8/29 0:39,20.7364
2020/8/29 0:44,20.7456
2020/8/29 0:49,20.7456
2020/8/29 0:54,20.7364
2020/8/29 0:59,20.7456
2020/8/29 1:04,20.7456
2020/8/29 1:09,20.7364
2020/8/29 1:14,20.7364
2020/8/29 1:19,20.7364
2020/8/29 1:24,20.7364
2020/8/29 1:29,20.7456
2020/8/29 1:34,20.7456
2020/8/29 1:39,20.7456
2020/8/29 1:44,20.7456
2020/8/29 1:49,20.7456
2020/8/29 1:54,20.7364
2020/8/29 1:59,20.7364
2020/8/29 2:04,20.7456
2020/8/29 2:09,20.7456
2020/8/29 2:14,20.7548
2020/8/29 2:19,20.7456
2020/8/29 2:24,20.7456
2020/8/29 2:29,20.7456
2020/8/29 2:34,20.7456
2020/8/29 2:39,20.7456
2020/8/29 2:44,20.7548
2020/8/29 2:49,20.7548
2020/8/29 2:54,20.7364
2020/8/29 2:59,20.7456
2020/8/29 3:04,20.7364
2020/8/29 3:09,20.7364
2020/8/29 3:14,20.7548
2020/8/29 3:19,20.7364
2020/8/29 3:24,20.7548
2020/8/29 3:29,20.7456
2020/8/29 3:34,20.6443
2020/8/29 3:39,20.6351
2020/8/29 3:44,20.6443
2020/8/29 3:49,20.6443
2020/8/29 3:54,20.6443
2020/8/29 3:59,20.6259
2020/8/29 4:04,20.6259
2020/8/29 4:09,20.6351
2020/8/29 4:14,20.6351
2020/8/29 4:19,20.6443
2020/8/29 4:24,20.6351
2020/8/29 4:29,20.6351
2020/8/29 4:34,20.6443
2020/8/29 4:39,20.6351
2020/8/29 4:44,20.6443
2020/8/29 4:49,20.7548
2020/8/29 4:54,20.7364
2020/8/29 4:59,20.7456
2020/8/29 5:04,20.7364
2020/8/29 5:09,20.7548
2020/8/29 5:14,20.7548
2020/8/29 5:19,20.7548
2020/8/29 5:24,20.7364
2020/8/29 5:29,20.7456
2020/8/29 5:34,20.7456
2020/8/29 5:39,20.7456
2020/8/29 5:44,20.7548
2020/8/29 5:49,20.7548
2020/8/29 5:54,20.7456
2020/8/29 5:59,20.7548
2020/8/29 6:04,20.7456
2020/8/29 6:09,20.7456
2020/8/29 6:14,20.7548
2020/8/29 6:19,20.7456
2020/8/29 6:24,20.7548
2020/8/29 6:29,20.7364
2020/8/29 6:34,20.7456
2020/8/29 6:39,20.7456
2020/8/29 6:44,20.7456
2020/8/29 6:49,20.7364
2020/8/29 6:54,20.7456
2020/8/29 6:59,20.7364
2020/8/29 7:04,20.7364
2020/8/29 7:09,20.7364
2020/8/29 7:14,20.7456
2020/8/29 7:19,20.7456
2020/8/29 7:24,20.7456
2020/8/29 7:29,20.7456
2020/8/29 7:34,20.7364
2020/8/29 7:39,20.7456
2020/8/29 7:44,20.7456
2020/8/29 7:49,20.7456
2020/8/29 7:54,20.7456
2020/8/29 7:59,20.7364
2020/8/29 8:04,20.7364
2020/8/29 8:09,20.7456
2020/8/29 8:14,20.7456
2020/8/29 8:19,20.7456
2020/8/29 8:24,20.7364
2020/8/29 8:29,20.7364
2020/8/29 8:34,20.7364
2020/8/29 8:39,20.7456
2020/8/29 8:44,20.8285
2020/8/29 8:49,20.8285
2020/8/29 8:54,20.8377
2020/8/29 8:59,20.8377
2020/8/29 9:04,20.8377
2020/8/29 9:09,20.8285
2020/8/29 9:14,20.8285
2020/8/29 9:19,20.8377
2020/8/29 9:24,20.8377
2020/8/29 9:29,20.8377
2020/8/29 9:34,20.8285
2020/8/29 9:39,20.8285
2020/8/29 9:44,20.8377
2020/8/29 9:49,20.8377
2020/8/29 9:54,20.8285
2020/8/29 9:59,20.8377
2020/8/29 10:04,20.8377
2020/8/29 10:09,20.8377
2020/8/29 10:14,20.8285
2020/8/29 10:19,20.8285
2020/8/29 10:24,20.8285
2020/8/29 10:29,20.8377
2020/8/29 10:34,20.8285
2020/8/29 10:39,20.8285
2020/8/29 10:44,20.8285
2020/8/29 10:49,20.8285
2020/8/29 10:54,20.8285
2020/8/29 10:59,20.8285
2020/8/29 11:04,20.9299
2020/8/29 11:09,20.9299
2020/8/29 11:14,20.9299
2020/8/29 11:19,20.9206
2020/8/29 11:24,20.9206
2020/8/29 11:29,20.9206
2020/8/29 11:34,20.9299
2020/8/29 11:39,20.9206
2020/8/29 11:44,20.9206
2020/8/29 11:49,20.9206
2020/8/29 11:54,20.9114
2020/8/29 11:59,20.9206
2020/8/29 12:04,20.9206
2020/8/29 12:09,20.9206
2020/8/29 12:14,20.9114
2020/8/29 12:19,20.9114
2020/8/29 12:24,20.9114
2020/8/29 12:29,20.9114
2020/8/29 12:34,20.9206
2020/8/29 12:39,21.0312
2020/8/29 12:44,21.022
2020/8/29 12:49,21.022
2020/8/29 12:54,21.022
2020/8/29 12:59,21.022
2020/8/29 13:04,21.0128
2020/8/29 13:09,21.022
2020/8/29 13:14,21.022
2020/8/29 13:19,21.0128
2020/8/29 13:24,21.0128
2020/8/29 13:29,21.0128
2020/8/29 13:34,21.022
2020/8/29 13:39,20.9022
2020/8/29 13:44,20.9206
2020/8/29 13:49,20.9206
2020/8/29 13:54,21.022
2020/8/29 13:59,21.022
2020/8/29 14:04,21.022
2020/8/29 14:09,21.022
2020/8/29 14:14,21.0128
2020/8/29 14:19,21.022
2020/8/29 14:24,21.0128
2020/8/29 14:29,21.022
2020/8/29 14:34,21.022
2020/8/29 14:39,21.022
2020/8/29 14:44,21.022
2020/8/29 14:49,21.022
2020/8/29 14:54,21.0128
2020/8/29 14:59,21.022
2020/8/29 15:04,21.0128
2020/8/29 15:09,21.0128
2020/8/29 15:14,21.0128
2020/8/29 15:19,21.022
2020/8/29 15:24,21.0128
2020/8/29 15:29,21.022
2020/8/29 15:34,21.022
2020/8/29 15:39,21.0128
2020/8/29 15:44,21.0128
2020/8/29 15:49,21.022
2020/8/29 15:54,21.0128
2020/8/29 15:59,21.0128
2020/8/29 16:04,21.022
2020/8/29 16:09,21.0128
2020/8/29 16:14,21.0128
2020/8/29 16:19,21.0128
2020/8/29 16:24,20.9114
2020/8/29 16:29,20.9114
2020/8/29 16:34,20.9022
2020/8/29 16:39,20.9114
2020/8/29 16:44,20.9206
2020/8/29 16:49,20.9114
2020/8/29 16:54,20.9114
2020/8/29 16:59,20.9114
2020/8/29 17:04,20.9114
2020/8/29 17:09,20.9114
2020/8/29 17:14,20.9114
2020/8/29 17:19,20.9114
2020/8/29 17:24,20.9114
2020/8/29 17:29,20.9114
2020/8/29 17:34,20.9114
2020/8/29 17:39,20.9114
2020/8/29 17:44,20.9114
2020/8/29 17:49,20.9206
2020/8/29 17:54,20.9114
2020/8/29 17:59,20.9206
2020/8/29 18:04,20.9114
2020/8/29 18:09,20.9114
2020/8/29 18:14,20.9114
2020/8/29 18:19,20.9206
2020/8/29 18:24,20.9206
2020/8/29 18:29,20.9206
2020/8/29 18:34,20.9206
2020/8/29 18:39,20.9114
2020/8/29 18:44,20.9206
2020/8/29 18:49,20.9206
2020/8/29 18:54,20.8193
2020/8/29 18:59,20.8193
2020/8/29 19:04,20.8285
2020/8/29 19:09,20.8285
2020/8/29 19:14,20.8285
2020/8/29 19:19,20.8285
2020/8/29 19:24,20.8193
2020/8/29 19:29,20.8193
2020/8/29 19:34,20.8193
2020/8/29 19:39,20.8193
2020/8/29 19:44,20.8193
2020/8/29 19:49,20.8193
2020/8/29 19:54,20.8285
2020/8/29 19:59,20.8193
2020/8/29 20:04,20.8285
2020/8/29 20:09,20.8193
2020/8/29 20:14,20.8285
2020/8/29 20:19,20.8193
2020/8/29 20:24,20.8285
2020/8/29 20:29,20.8285
2020/8/29 20:34,20.8285
2020/8/29 20:39,20.8285
2020/8/29 20:44,20.8377
2020/8/29 20:49,20.8193
2020/8/29 20:54,20.8285
2020/8/29 20:59,20.8285
2020/8/29 21:04,20.7364
2020/8/29 21:09,20.7272
2020/8/29 21:14,20.7364
2020/8/29 21:19,20.7364
2020/8/29 21:24,20.7272
2020/8/29 21:29,20.7364
2020/8/29 21:34,20.7364
2020/8/29 21:39,20.7272
2020/8/29 21:44,20.7364
2020/8/29 21:49,20.7364
2020/8/29 21:54,20.7272
2020/8/29 21:59,20.7364
2020/8/29 22:04,20.7364
2020/8/29 22:09,20.7272
2020/8/29 22:14,20.7272
2020/8/29 22:19,20.7364
2020/8/29 22:24,20.7364
2020/8/29 22:29,20.7272
2020/8/29 22:34,20.7364
2020/8/29 22:39,20.7364
2020/8/29 22:44,20.7272
2020/8/29 22:49,20.7364
2020/8/29 22:54,20.7272
2020/8/29 22:59,20.7272
2020/8/29 23:04,20.7364
2020/8/29 23:09,20.7364
2020/8/29 23:14,20.7272
2020/8/29 23:19,20.7364
2020/8/29 23:24,20.7364
2020/8/29 23:29,20.7364
2020/8/29 23:34,20.7364
2020/8/29 23:39,20.7272
2020/8/29 23:44,20.7364
2020/8/29 23:49,20.7364
2020/8/29 23:54,20.7272
2020/8/29 23:59,20.7364
2020/8/30 0:04,20.7364
2020/8/30 0:09,20.7364
2020/8/30 0:14,20.7272
2020/8/30 0:19,20.7364
2020/8/30 0:24,20.7364
2020/8/30 0:29,20.7364
2020/8/30 0:34,20.7364
2020/8/30 0:39,20.7364
2020/8/30 0:44,20.7272
2020/8/30 0:49,20.7456
2020/8/30 0:54,20.7364
2020/8/30 0:59,20.7272
2020/8/30 1:04,20.7272
2020/8/30 1:09,20.7272
2020/8/30 1:14,20.7456
2020/8/30 1:19,20.7364
2020/8/30 1:24,20.7456
2020/8/30 1:29,20.7272
2020/8/30 1:34,20.7364
2020/8/30 1:39,20.7364
2020/8/30 1:44,20.7364
2020/8/30 1:49,20.7364
2020/8/30 1:54,20.7364
2020/8/30 1:59,20.7272
2020/8/30 2:04,20.7272
2020/8/30 2:09,20.7364
2020/8/30 2:14,20.7456
2020/8/30 2:19,20.7364
2020/8/30 2:24,20.7456
2020/8/30 2:29,20.7364
2020/8/30 2:34,20.7456
2020/8/30 2:39,20.7456
2020/8/30 2:44,20.7364
2020/8/30 2:49,20.7456
2020/8/30 2:54,20.7456
2020/8/30 2:59,20.7364
2020/8/30 3:04,20.7456
2020/8/30 3:09,20.7364
2020/8/30 3:14,20.7272
2020/8/30 3:19,20.7364
2020/8/30 3:24,20.7364
2020/8/30 3:29,20.7364
2020/8/30 3:34,20.7456
2020/8/30 3:39,20.7364
2020/8/30 3:44,20.7364
2020/8/30 3:49,20.7364
2020/8/30 3:54,20.7364
2020/8/30 3:59,20.7364
2020/8/30 4:04,20.7456
2020/8/30 4:09,20.7364
2020/8/30 4:14,20.7364
2020/8/30 4:19,20.7364
2020/8/30 4:24,20.7364
2020/8/30 4:29,20.7456
2020/8/30 4:34,20.7364
2020/8/30 4:39,20.7364
2020/8/30 4:44,20.7364
2020/8/30 4:49,20.7364
2020/8/30 4:54,20.7364
2020/8/30 4:59,20.7456
2020/8/30 5:04,20.7364
2020/8/30 5:09,20.7364
2020/8/30 5:14,20.7364
2020/8/30 5:19,20.7456
2020/8/30 5:24,20.7456
2020/8/30 5:29,20.7364
2020/8/30 5:34,20.7364
2020/8/30 5:39,20.7456
2020/8/30 5:44,20.7364
2020/8/30 5:49,20.7364
2020/8/30 5:54,20.7272
2020/8/30 5:59,20.7364
2020/8/30 6:04,20.7456
2020/8/30 6:09,20.7364
2020/8/30 6:14,20.7456
2020/8/30 6:19,20.7364
2020/8/30 6:24,20.7364
2020/8/30 6:29,20.7364
2020/8/30 6:34,20.7364
2020/8/30 6:39,20.7456
2020/8/30 6:44,20.7364
2020/8/30 6:49,20.7364
2020/8/30 6:54,20.7364
2020/8/30 6:59,20.7364
2020/8/30 7:04,20.7364
2020/8/30 7:09,20.7456
2020/8/30 7:14,20.7364
2020/8/30 7:19,20.7364
2020/8/30 7:24,20.7364
2020/8/30 7:29,20.7364
2020/8/30 7:34,20.7364
2020/8/30 7:39,20.7364
2020/8/30 7:44,20.7364
2020/8/30 7:49,20.7364
2020/8/30 7:54,20.7364
2020/8/30 7:59,20.7364
2020/8/30 8:04,20.7364
2020/8/30 8:09,20.7364
2020/8/30 8:14,20.7364
2020/8/30 8:19,20.7364
2020/8/30 8:24,20.7364
2020/8/30 8:29,20.7272
2020/8/30 8:34,20.7364
2020/8/30 8:39,20.7364
2020/8/30 8:44,20.7364
2020/8/30 8:49,20.7456
2020/8/30 8:54,20.7272
2020/8/30 8:59,20.7272
2020/8/30 9:04,20.7364
2020/8/30 9:09,20.7364
2020/8/30 9:14,20.7272
2020/8/30 9:19,20.7272
2020/8/30 9:24,20.7364
2020/8/30 9:29,20.7364
2020/8/30 9:34,20.7364
2020/8/30 9:39,20.7364
2020/8/30 9:44,20.7272
2020/8/30 9:49,20.7364
2020/8/30 9:54,20.8009
2020/8/30 9:59,20.8285
2020/8/30 10:04,20.8285
2020/8/30 10:09,20.8285
2020/8/30 10:14,20.8285
2020/8/30 10:19,20.8285
2020/8/30 10:24,20.8285
2020/8/30 10:29,20.8377
2020/8/30 10:34,20.8285
2020/8/30 10:39,20.8285
2020/8/30 10:44,20.8285
2020/8/30 10:49,20.8377
2020/8/30 10:54,20.8285
2020/8/30 10:59,20.8285
2020/8/30 11:04,20.8285
2020/8/30 11:09,20.8377
2020/8/30 11:14,20.8285
2020/8/30 11:19,20.8285
2020/8/30 11:24,20.8285
2020/8/30 11:29,20.8285
2020/8/30 11:34,20.8285
2020/8/30 11:39,20.8193
2020/8/30 11:44,20.8285
2020/8/30 11:49,20.8285
2020/8/30 11:54,20.8285
2020/8/30 11:59,20.8193
2020/8/30 12:04,20.8193
2020/8/30 12:09,20.8193
2020/8/30 12:14,20.9299
2020/8/30 12:19,20.8193
2020/8/30 12:24,20.9299
2020/8/30 12:29,20.9206
2020/8/30 12:34,20.9206
2020/8/30 12:39,20.9206
2020/8/30 12:44,20.9206
2020/8/30 12:49,20.9206
2020/8/30 12:54,20.9114
2020/8/30 12:59,20.9206
2020/8/30 13:04,20.9206
2020/8/30 13:09,20.9206
2020/8/30 13:14,20.9114
2020/8/30 13:19,20.9206
2020/8/30 13:24,20.9206
2020/8/30 13:29,20.9114
2020/8/30 13:34,20.9206
2020/8/30 13:39,20.9114
2020/8/30 13:44,20.9114
2020/8/30 13:49,20.9114
2020/8/30 13:54,20.9206
2020/8/30 13:59,20.9206
2020/8/30 14:04,20.9114
2020/8/30 14:09,20.9206
2020/8/30 14:14,20.9114
2020/8/30 14:19,20.9206
2020/8/30 14:24,20.9206
2020/8/30 14:29,20.9206
2020/8/30 14:34,20.9206
2020/8/30 14:39,20.9206
2020/8/30 14:44,20.9206
2020/8/30 14:49,20.9114
2020/8/30 14:54,20.9114
2020/8/30 14:59,20.9114
2020/8/30 15:04,20.9206
2020/8/30 15:09,20.9114
2020/8/30 15:14,20.9114
2020/8/30 15:19,20.9114
2020/8/30 15:24,21.022
2020/8/30 15:29,21.0128
2020/8/30 15:34,21.022
2020/8/30 15:39,21.0128
2020/8/30 15:44,20.9114
2020/8/30 15:49,20.9206
2020/8/30 15:54,20.9114
2020/8/30 15:59,20.9114
2020/8/30 16:04,20.9114
2020/8/30 16:09,20.9114
2020/8/30 16:14,20.9206
2020/8/30 16:19,20.9114
2020/8/30 16:24,20.9206
2020/8/30 16:29,20.9114
2020/8/30 16:34,20.9114
2020/8/30 16:39,20.9206
2020/8/30 16:44,20.9114
2020/8/30 16:49,20.9114
2020/8/30 16:54,20.9206
2020/8/30 16:59,20.9114
2020/8/30 17:04,20.9206
2020/8/30 17:09,20.9114
2020/8/30 17:14,20.9206
2020/8/30 17:19,20.9114
2020/8/30 17:24,20.9206
2020/8/30 17:29,20.9114
2020/8/30 17:34,20.9114
2020/8/30 17:39,20.9114
2020/8/30 17:44,20.9206
2020/8/30 17:49,20.9114
2020/8/30 17:54,20.9206
2020/8/30 17:59,20.9114
2020/8/30 18:04,20.9206
2020/8/30 18:09,20.9206
2020/8/30 18:14,20.9114
2020/8/30 18:19,20.8285
2020/8/30 18:24,20.9206
2020/8/30 18:29,20.8193
2020/8/30 18:34,20.8193
2020/8/30 18:39,20.8285
2020/8/30 18:44,20.8193
2020/8/30 18:49,20.8193
2020/8/30 18:54,20.8285
2020/8/30 18:59,20.8193
2020/8/30 19:04,20.8193
2020/8/30 19:09,20.8285
2020/8/30 19:14,20.8193
2020/8/30 19:19,20.8285
2020/8/30 19:24,20.8285
2020/8/30 19:29,20.8285
2020/8/30 19:34,20.8285
2020/8/30 19:39,20.8193
2020/8/30 19:44,20.8285
2020/8/30 19:49,20.8285
2020/8/30 19:54,20.8285
2020/8/30 19:59,20.8285
2020/8/30 20:04,20.8285
2020/8/30 20:09,20.8285
2020/8/30 20:14,20.8193
2020/8/30 20:19,20.8285
2020/8/30 20:24,20.8285
2020/8/30 20:29,20.8285
2020/8/30 20:34,20.8285
2020/8/30 20:39,20.8285
2020/8/30 20:44,20.8285
2020/8/30 20:49,20.8285
2020/8/30 20:54,20.8285
2020/8/30 20:59,20.8285
2020/8/30 21:04,20.8377
2020/8/30 21:09,20.8285
2020/8/30 21:14,20.8285
2020/8/30 21:19,20.8285
2020/8/30 21:24,20.8285
2020/8/30 21:29,20.8285
2020/8/30 21:34,20.8285
2020/8/30 21:39,20.8285
2020/8/30 21:44,20.8285
2020/8/30 21:49,20.8377
2020/8/30 21:54,20.8285
2020/8/30 21:59,20.8285
2020/8/30 22:04,20.8285
2020/8/30 22:09,20.8285
2020/8/30 22:14,20.8285
2020/8/30 22:19,20.8285
2020/8/30 22:24,20.8285
2020/8/30 22:29,20.8285
2020/8/30 22:34,20.8377
2020/8/30 22:39,20.8377
2020/8/30 22:44,20.8377
2020/8/30 22:49,20.8377
2020/8/30 22:54,20.8285
2020/8/30 22:59,20.8377
2020/8/30 23:04,20.8377
2020/8/30 23:09,20.8377
2020/8/30 23:14,20.8377
2020/8/30 23:19,20.8285
2020/8/30 23:24,20.8377
2020/8/30 23:29,20.8377
2020/8/30 23:34,20.8377
2020/8/30 23:39,20.8285
2020/8/30 23:44,20.7364
2020/8/30 23:49,20.7364
2020/8/30 23:54,20.7456
2020/8/30 23:59,20.7364
2020/8/31 0:04,20.7364
2020/8/31 0:09,20.7456
2020/8/31 0:14,20.7364
2020/8/31 0:19,20.7364
2020/8/31 0:24,20.7364
2020/8/31 0:29,20.7364
2020/8/31 0:34,20.7456
2020/8/31 0:39,20.7364
2020/8/31 0:44,20.7456
2020/8/31 0:49,20.7364
2020/8/31 0:54,20.7456
2020/8/31 0:59,20.7456
2020/8/31 1:04,20.7364
2020/8/31 1:09,20.7364
2020/8/31 1:14,20.7456
2020/8/31 1:19,20.7456
2020/8/31 1:24,20.7456
2020/8/31 1:29,20.7456
2020/8/31 1:34,20.7364
2020/8/31 1:39,20.7456
2020/8/31 1:44,20.7364
2020/8/31 1:49,20.7456
2020/8/31 1:54,20.7456
2020/8/31 1:59,20.7364
2020/8/31 2:04,20.7456
2020/8/31 2:09,20.7456
2020/8/31 2:14,20.7456
2020/8/31 2:19,20.7364
2020/8/31 2:24,20.7364
2020/8/31 2:29,20.7456
2020/8/31 2:34,20.7364
2020/8/31 2:39,20.7456
2020/8/31 2:44,20.7456
2020/8/31 2:49,20.7364
2020/8/31 2:54,20.7456
2020/8/31 2:59,20.7364
2020/8/31 3:04,20.7456
2020/8/31 3:09,20.7272
2020/8/31 3:14,20.7364
2020/8/31 3:19,20.7364
2020/8/31 3:24,20.7548
2020/8/31 3:29,20.7548
2020/8/31 3:34,20.7364
2020/8/31 3:39,20.7548
2020/8/31 3:44,20.7364
2020/8/31 3:49,20.7364
2020/8/31 3:54,20.7548
2020/8/31 3:59,20.7364
2020/8/31 4:04,20.7548
2020/8/31 4:09,20.7548
2020/8/31 4:14,20.7456
2020/8/31 4:19,20.7272
2020/8/31 4:24,20.7364
2020/8/31 4:29,20.7272
2020/8/31 4:34,20.7548
2020/8/31 4:39,20.7548
2020/8/31 4:44,20.7548
2020/8/31 4:49,20.7364
2020/8/31 4:54,20.7548
2020/8/31 4:59,20.7548
2020/8/31 5:04,20.7456
2020/8/31 5:09,20.7272
2020/8/31 5:14,20.7364
2020/8/31 5:19,20.7364
2020/8/31 5:24,20.7364
2020/8/31 5:29,20.7272
2020/8/31 5:34,20.7548
2020/8/31 5:39,20.7548
2020/8/31 5:44,20.7364
2020/8/31 5:49,20.7364
2020/8/31 5:54,20.7456
2020/8/31 5:59,20.7364
2020/8/31 6:04,20.7364
2020/8/31 6:09,20.7364
2020/8/31 6:14,20.7364
2020/8/31 6:19,20.7364
2020/8/31 6:24,20.7456
2020/8/31 6:29,20.7456
2020/8/31 6:34,20.7364
2020/8/31 6:39,20.7548
2020/8/31 6:44,20.7548
2020/8/31 6:49,20.7548
2020/8/31 6:54,20.7548
2020/8/31 6:59,20.7456
2020/8/31 7:04,20.7456
2020/8/31 7:09,20.7456
2020/8/31 7:14,20.7548
2020/8/31 7:19,20.7456
2020/8/31 7:24,20.7456
2020/8/31 7:29,20.7548
2020/8/31 7:34,20.7456
2020/8/31 7:39,20.7456
2020/8/31 7:44,20.7456
2020/8/31 7:49,20.7456
2020/8/31 7:54,20.7456
2020/8/31 7:59,20.7548
2020/8/31 8:04,20.7548
2020/8/31 8:09,20.7456
2020/8/31 8:14,20.7548
2020/8/31 8:19,20.7548
2020/8/31 8:24,20.7548
2020/8/31 8:29,20.7456
2020/8/31 8:34,20.7548
2020/8/31 8:39,20.7548
2020/8/31 8:44,20.7456
2020/8/31 8:49,20.7548
2020/8/31 8:54,20.7548
2020/8/31 8:59,20.7456
2020/8/31 9:04,20.7548
2020/8/31 9:09,20.7456
2020/8/31 9:14,20.7456
2020/8/31 9:19,20.7548
2020/8/31 9:24,20.7548
2020/8/31 9:29,20.7548
2020/8/31 9:34,20.7456
2020/8/31 9:39,20.7548
2020/8/31 9:44,20.7456
2020/8/31 9:49,20.7548
2020/8/31 9:54,20.7548
2020/8/31 9:59,20.7548
2020/8/31 10:04,20.7456
2020/8/31 10:09,20.7548
2020/8/31 10:14,20.7548
2020/8/31 10:19,20.7456
2020/8/31 10:24,20.7548
2020/8/31 10:29,20.7456
2020/8/31 10:34,20.7456
2020/8/31 10:39,20.7548
2020/8/31 10:44,20.7548
2020/8/31 10:49,20.7548
2020/8/31 10:54,20.7548
2020/8/31 10:59,20.7456
2020/8/31 11:04,20.7456
2020/8/31 11:09,20.7548
2020/8/31 11:14,20.7548
2020/8/31 11:19,20.7548
2020/8/31 11:24,20.7456
2020/8/31 11:29,20.7456
2020/8/31 11:34,20.7548
2020/8/31 11:39,20.7456
2020/8/31 11:44,20.7456
2020/8/31 11:49,20.7456
2020/8/31 11:54,20.7548
2020/8/31 11:59,20.7548
2020/8/31 12:04,20.7456
2020/8/31 12:09,20.7456
2020/8/31 12:14,20.7456
2020/8/31 12:19,20.7456
2020/8/31 12:24,20.7456
2020/8/31 12:29,20.7456
2020/8/31 12:34,20.7548
2020/8/31 12:39,20.7456
2020/8/31 12:44,20.7456
2020/8/31 12:49,20.7548
2020/8/31 12:54,20.7456
2020/8/31 12:59,20.7456
2020/8/31 13:04,20.8377
2020/8/31 13:09,20.8377
2020/8/31 13:14,20.8377
2020/8/31 13:19,20.8377
2020/8/31 13:24,20.8377
2020/8/31 13:29,20.8377
2020/8/31 13:34,20.8377
2020/8/31 13:39,20.8377
2020/8/31 13:44,20.8377
2020/8/31 13:49,20.8377
2020/8/31 13:54,20.8377
2020/8/31 13:59,20.8285
2020/8/31 14:04,20.8377
2020/8/31 14:09,20.8377
2020/8/31 14:14,20.8285
2020/8/31 14:19,20.8377
2020/8/31 14:24,20.8285
2020/8/31 14:29,20.8377
2020/8/31 14:34,20.8377
2020/8/31 14:39,20.8377
2020/8/31 14:44,20.8377
2020/8/31 14:49,20.8377
2020/8/31 14:54,20.8377
2020/8/31 14:59,20.8285
2020/8/31 15:04,20.8377
2020/8/31 15:09,20.8377
2020/8/31 15:14,20.8377
2020/8/31 15:19,20.8377
2020/8/31 15:24,20.8377
2020/8/31 15:29,20.8377
2020/8/31 15:34,20.8377
2020/8/31 15:39,20.8285
2020/8/31 15:44,20.8377
2020/8/31 15:49,20.8377
2020/8/31 15:54,20.8377
2020/8/31 15:59,20.8377
2020/8/31 16:04,20.8285
2020/8/31 16:09,20.8377
2020/8/31 16:14,20.8377
2020/8/31 16:19,20.8377
2020/8/31 16:24,20.8377
2020/8/31 16:29,20.8377
2020/8/31 16:34,20.8377
2020/8/31 16:39,20.8377
2020/8/31 16:44,20.8377
2020/8/31 16:49,20.8377
2020/8/31 16:54,20.8377
2020/8/31 16:59,20.8377
2020/8/31 17:04,20.8285
2020/8/31 17:09,20.8377
2020/8/31 17:14,20.8377
2020/8/31 17:19,20.8377
2020/8/31 17:24,20.8377
2020/8/31 17:29,20.8377
2020/8/31 17:34,20.8377
2020/8/31 17:39,20.8377
2020/8/31 17:44,20.8377
2020/8/31 17:49,20.8377
2020/8/31 17:54,20.8377
2020/8/31 17:59,20.8377
2020/8/31 18:04,20.8377
2020/8/31 18:09,20.8377
2020/8/31 18:14,20.8377
2020/8/31 18:19,20.8377
2020/8/31 18:24,20.8377
2020/8/31 18:29,20.847
2020/8/31 18:34,20.7364
2020/8/31 18:39,20.7456
2020/8/31 18:44,20.7456
2020/8/31 18:49,20.7364
2020/8/31 18:54,20.7456
2020/8/31 18:59,20.7364
2020/8/31 19:04,20.7364
2020/8/31 19:09,20.7548
2020/8/31 19:14,20.7364
2020/8/31 19:19,20.7456
2020/8/31 19:24,20.7456
2020/8/31 19:29,20.7364
2020/8/31 19:34,20.7548
2020/8/31 19:39,20.7456
2020/8/31 19:44,20.7456
2020/8/31 19:49,20.7548
2020/8/31 19:54,20.7548
2020/8/31 19:59,20.7456
2020/8/31 20:04,20.7548
2020/8/31 20:09,20.7456
2020/8/31 20:14,20.7548
2020/8/31 20:19,20.7456
2020/8/31 20:24,20.7548
2020/8/31 20:29,20.7548
2020/8/31 20:34,20.7548
2020/8/31 20:39,20.7456
2020/8/31 20:44,20.7456
2020/8/31 20:49,20.7548
2020/8/31 20:54,20.7456
2020/8/31 20:59,20.7548
2020/8/31 21:04,20.7456
2020/8/31 21:09,20.7456
2020/8/31 21:14,20.7548
2020/8/31 21:19,20.7456
2020/8/31 21:24,20.7456
2020/8/31 21:29,20.7456
2020/8/31 21:34,20.7456
2020/8/31 21:39,20.7456
2020/8/31 21:44,20.7548
2020/8/31 21:49,20.7548
2020/8/31 21:54,20.6443
2020/8/31 21:59,20.6443
2020/8/31 22:04,20.6535
2020/8/31 22:09,20.6535
2020/8/31 22:14,20.6535
2020/8/31 22:19,20.6443
2020/8/31 22:24,20.6443
2020/8/31 22:29,20.6351
2020/8/31 22:34,20.6351
2020/8/31 22:39,20.6535
2020/8/31 22:44,20.6443
2020/8/31 22:49,20.6535
2020/8/31 22:54,20.6443
2020/8/31 22:59,20.6443
2020/8/31 23:04,20.6443
2020/8/31 23:09,20.6535
2020/8/31 23:14,20.6535
2020/8/31 23:19,20.6535
2020/8/31 23:24,20.6351
2020/8/31 23:29,20.6351
2020/8/31 23:34,20.6443
2020/8/31 23:39,20.6627
2020/8/31 23:44,20.6351
2020/8/31 23:49,20.6443
2020/8/31 23:54,20.6535
2020/8/31 23:59,20.6535
2020/9/1 0:04,20.6535
2020/9/1 0:09,20.6351
2020/9/1 0:14,20.6535
2020/9/1 0:19,20.6351
2020/9/1 0:24,20.6627
2020/9/1 0:29,20.6351
2020/9/1 0:34,20.6535
2020/9/1 0:39,20.6351
2020/9/1 0:44,20.6535
2020/9/1 0:49,20.6351
2020/9/1 0:54,20.6443
2020/9/1 0:59,20.6443
2020/9/1 1:04,20.6535
2020/9/1 1:09,20.6351
2020/9/1 1:14,20.6443
2020/9/1 1:19,20.6535
2020/9/1 1:24,20.6351
2020/9/1 1:29,20.6627
2020/9/1 1:34,20.6443
2020/9/1 1:39,20.6443
2020/9/1 1:44,20.6535
2020/9/1 1:49,20.6443
2020/9/1 1:54,20.6535
2020/9/1 1:59,20.6443
2020/9/1 2:04,20.6351
2020/9/1 2:09,20.6351
2020/9/1 2:14,20.6627
2020/9/1 2:19,20.6535
2020/9/1 2:24,20.6627
2020/9/1 2:29,20.6535
2020/9/1 2:34,20.6443
2020/9/1 2:39,20.6535
2020/9/1 2:44,20.6443
2020/9/1 2:49,20.6627
2020/9/1 2:54,20.6443
2020/9/1 2:59,20.6627
2020/9/1 3:04,20.6535
2020/9/1 3:09,20.6351
2020/9/1 3:14,20.6627
2020/9/1 3:19,20.6627
2020/9/1 3:24,20.6443
2020/9/1 3:29,20.6443
2020/9/1 3:34,20.6351
2020/9/1 3:39,20.6535
2020/9/1 3:44,20.6443
2020/9/1 3:49,20.6443
2020/9/1 3:54,20.6443
2020/9/1 3:59,20.6535
2020/9/1 4:04,20.6443
2020/9/1 4:09,20.6443
2020/9/1 4:14,20.6443
2020/9/1 4:19,20.6535
2020/9/1 4:24,20.6627
2020/9/1 4:29,20.6443
2020/9/1 4:34,20.6443
2020/9/1 4:39,20.6627
2020/9/1 4:44,20.6627
2020/9/1 4:49,20.6535
2020/9/1 4:54,20.6627
2020/9/1 4:59,20.6627
2020/9/1 5:04,20.6535
2020/9/1 5:09,20.6443
2020/9/1 5:14,20.6535
2020/9/1 5:19,20.6627
2020/9/1 5:24,20.6627
2020/9/1 5:29,20.6443
2020/9/1 5:34,20.6443
2020/9/1 5:39,20.6443
2020/9/1 5:44,20.6627
2020/9/1 5:49,20.6627
2020/9/1 5:54,20.6443
2020/9/1 5:59,20.6627
2020/9/1 6:04,20.6535
2020/9/1 6:09,20.6443
2020/9/1 6:14,20.6443
2020/9/1 6:19,20.6535
2020/9/1 6:24,20.6627
2020/9/1 6:29,20.6535
2020/9/1 6:34,20.6535
2020/9/1 6:39,20.6443
2020/9/1 6:44,20.6627
2020/9/1 6:49,20.6443
2020/9/1 6:54,20.6443
2020/9/1 6:59,20.6535
2020/9/1 7:04,20.6535
2020/9/1 7:09,20.6443
2020/9/1 7:14,20.6627
2020/9/1 7:19,20.6535
2020/9/1 7:24,20.6627
2020/9/1 7:29,20.6443
2020/9/1 7:34,20.6535
2020/9/1 7:39,20.6443
2020/9/1 7:44,20.6535
2020/9/1 7:49,20.6535
2020/9/1 7:54,20.6627
2020/9/1 7:59,20.6535
2020/9/1 8:04,20.6443
2020/9/1 8:09,20.6443
2020/9/1 8:14,20.6443
2020/9/1 8:19,20.6535
2020/9/1 8:24,20.7548
2020/9/1 8:29,20.847
2020/9/1 8:34,20.847
2020/9/1 8:39,20.847
2020/9/1 8:44,20.847
2020/9/1 8:49,20.847
2020/9/1 8:54,20.847
2020/9/1 8:59,20.847
2020/9/1 9:04,20.847
2020/9/1 9:09,20.847
2020/9/1 9:14,20.847
2020/9/1 9:19,20.847
2020/9/1 9:24,20.8377
2020/9/1 9:29,20.8377
2020/9/1 9:34,20.8377
2020/9/1 9:39,20.8377
2020/9/1 9:44,20.8377
2020/9/1 9:49,20.8377
2020/9/1 9:54,20.9299
2020/9/1 9:59,20.9391
2020/9/1 10:04,20.9391
2020/9/1 10:09,20.9299
2020/9/1 10:14,20.9391
2020/9/1 10:19,20.9391
2020/9/1 10:24,20.9299
2020/9/1 10:29,20.9299
2020/9/1 10:34,20.9391
2020/9/1 10:39,20.9299
2020/9/1 10:44,20.9206
2020/9/1 10:49,20.9299
2020/9/1 10:54,20.9299
2020/9/1 10:59,20.9299
2020/9/1 11:04,20.9206
2020/9/1 11:09,20.9206
2020/9/1 11:14,20.9206
2020/9/1 11:19,20.9206
2020/9/1 11:24,21.0312
2020/9/1 11:29,21.0404
2020/9/1 11:34,21.0312
2020/9/1 11:39,21.0312
2020/9/1 11:44,21.0312
2020/9/1 11:49,21.0312
2020/9/1 11:54,21.022
2020/9/1 11:59,21.0312
2020/9/1 12:04,21.1417
2020/9/1 12:09,21.1325
2020/9/1 12:14,21.1233
2020/9/1 12:19,21.1325
2020/9/1 12:24,21.1325
2020/9/1 12:29,21.1325
2020/9/1 12:34,21.1233
2020/9/1 12:39,21.1233
2020/9/1 12:44,21.1233
2020/9/1 12:49,21.1233
2020/9/1 12:54,21.1233
2020/9/1 12:59,21.2062
2020/9/1 13:04,21.2154
2020/9/1 13:09,21.1233
2020/9/1 13:14,21.2154
2020/9/1 13:19,21.2154
2020/9/1 13:24,21.2062
2020/9/1 13:29,21.2154
2020/9/1 13:34,21.2154
2020/9/1 13:39,21.1325
2020/9/1 13:44,21.2154
2020/9/1 13:49,21.2062
2020/9/1 13:54,21.2154
2020/9/1 13:59,21.2154
2020/9/1 14:04,21.2154
2020/9/1 14:09,21.2154
2020/9/1 14:14,21.2062
2020/9/1 14:19,21.2062
2020/9/1 14:24,21.2154
2020/9/1 14:29,21.2154
2020/9/1 14:34,21.2062
2020/9/1 14:39,21.3168
2020/9/1 14:44,21.3076
2020/9/1 14:49,21.3076
2020/9/1 14:54,21.3168
2020/9/1 14:59,21.3076
2020/9/1 15:04,21.3076
2020/9/1 15:09,21.3168
2020/9/1 15:14,21.2154
2020/9/1 15:19,21.3168
2020/9/1 15:24,21.3076
2020/9/1 15:29,21.3168
2020/9/1 15:34,21.3076
2020/9/1 15:39,21.3168
2020/9/1 15:44,21.3076
2020/9/1 15:49,21.3076
2020/9/1 15:54,21.2062
2020/9/1 15:59,21.2154
2020/9/1 16:04,21.2154
2020/9/1 16:09,21.2154
2020/9/1 16:14,21.1325
2020/9/1 16:19,21.1233
2020/9/1 16:24,21.1233
2020/9/1 16:29,21.1233
2020/9/1 16:34,21.1233
2020/9/1 16:39,21.1325
2020/9/1 16:44,21.1325
2020/9/1 16:49,21.1325
2020/9/1 16:54,21.1325
2020/9/1 16:59,21.1417
2020/9/1 17:04,21.0312
2020/9/1 17:09,21.022
2020/9/1 17:14,21.022
2020/9/1 17:19,21.022
2020/9/1 17:24,21.0312
2020/9/1 17:29,21.022
2020/9/1 17:34,21.0312
2020/9/1 17:39,21.0312
2020/9/1 17:44,21.022
2020/9/1 17:49,21.0312
2020/9/1 17:54,21.0312
2020/9/1 17:59,20.9299
2020/9/1 18:04,20.9206
2020/9/1 18:09,20.9206
2020/9/1 18:14,20.9206
2020/9/1 18:19,20.9206
2020/9/1 18:24,20.9206
2020/9/1 18:29,20.9206
2020/9/1 18:34,20.9299
2020/9/1 18:39,20.9299
2020/9/1 18:44,20.9299
2020/9/1 18:49,20.9299
2020/9/1 18:54,20.9299
2020/9/1 18:59,20.8285
2020/9/1 19:04,20.8285
2020/9/1 19:09,20.8377
2020/9/1 19:14,20.8377
2020/9/1 19:19,20.8285
2020/9/1 19:24,20.8285
2020/9/1 19:29,20.8377
2020/9/1 19:34,20.8377
2020/9/1 19:39,20.8377
2020/9/1 19:44,20.8285
2020/9/1 19:49,20.8377
2020/9/1 19:54,20.8377
2020/9/1 19:59,20.8377
2020/9/1 20:04,20.8377
2020/9/1 20:09,20.7456
2020/9/1 20:14,20.7456
2020/9/1 20:19,20.7364
2020/9/1 20:24,20.7456
2020/9/1 20:29,20.7456
2020/9/1 20:34,20.7456
2020/9/1 20:39,20.7456
2020/9/1 20:44,20.7456
2020/9/1 20:49,20.7456
2020/9/1 20:54,20.7364
2020/9/1 20:59,20.7456
2020/9/1 21:04,20.7456
2020/9/1 21:09,20.7456
2020/9/1 21:14,20.7456
2020/9/1 21:19,20.7456
2020/9/1 21:24,20.7456
2020/9/1 21:29,20.6351
2020/9/1 21:34,20.6443
2020/9/1 21:39,20.6351
2020/9/1 21:44,20.6351
2020/9/1 21:49,20.6443
2020/9/1 21:54,20.6443
2020/9/1 21:59,20.6443
2020/9/1 22:04,20.6443
2020/9/1 22:09,20.6443
2020/9/1 22:14,20.6443
2020/9/1 22:19,20.6443
2020/9/1 22:24,20.6443
2020/9/1 22:29,20.6443
2020/9/1 22:34,20.6443
2020/9/1 22:39,20.6535
2020/9/1 22:44,20.6443
2020/9/1 22:49,20.6443
2020/9/1 22:54,20.6535
2020/9/1 22:59,20.6443
2020/9/1 23:04,20.6443
2020/9/1 23:09,20.6443
2020/9/1 23:14,20.6535
2020/9/1 23:19,20.6443
2020/9/1 23:24,20.6535
2020/9/1 23:29,20.6443
2020/9/1 23:34,20.6535
2020/9/1 23:39,20.6443
2020/9/1 23:44,20.6443
2020/9/1 23:49,20.6535
2020/9/1 23:54,20.6443
